date_key,trips,total_usd,fare_usd,miles,mean_trip_minutes
2024-01-01,75443,2335821.96,1674065.66,322879.00999999966,15.10439780143066
2024-01-02,72944,2251514.97,1557214.21,304918.19000000047,16.021948343935073
2024-01-03,79910,2337091.10,1603654.62,304803.42000000196,15.82948546281233
2024-01-04,100095,2778680.30,1877484.14,336252.430000002,15.364241304094444
2024-01-05,100083,2699972.24,1816176.97,323703.83000000025,14.712054994354684
2024-01-06,93694,2400222.36,1652972.48,299079.72000000166,13.57719491109356
2024-01-07,65176,1870463.46,1292263.44,258038.03999999983,13.061678634262101
2024-01-08,77686,2198682.41,1482466.70,277268.0999999968,14.943534871147955
2024-01-09,90311,2322256.58,1555086.61,263828.9700000001,14.722778509816079
2024-01-10,92487,2526720.57,1683401.87,299836.80000000214,14.773658099696894
2024-01-11,102038,2877133.24,1926527.83,338692.1399999985,15.900214299247994
2024-01-12,100464,2826915.06,1893765.63,338699.8799999984,15.823752289377289
2024-01-13,101526,2619077.90,1785709.81,311177.9800000006,14.133203974023075
2024-01-14,91009,2414751.15,1650032.96,306360.9599999957,13.478228526848993
2024-01-15,74757,2141517.46,1467986.73,284053.1500000022,14.333963597611817
2024-01-16,90181,2599458.15,1755311.03,305436.86999999813,16.013834399707257
2024-01-17,106419,2927265.51,1965290.76,331367.4800000002,15.756892879404367
2024-01-18,106956,2907107.29,1945547.63,328843.6700000008,15.645394679432039
2024-01-19,93017,2453309.93,1630508.78,285410.9299999993,14.438753847862936
2024-01-20,104550,2546409.39,1737832.55,298301.1099999996,13.390074127211859
2024-01-21,81209,2223735.18,1524213.04,291621.8500000013,13.359443329351837
2024-01-22,83042,2338624.10,1570172.36,286984.9100000001,15.249599600202307
2024-01-23,96958,2611609.87,1745470.87,293209.0799999966,15.620568527953685
2024-01-24,102384,2764030.27,1839416.79,307234.87000000203,15.860685426108246
2024-01-25,106958,2970463.41,1989006.92,337035.1699999977,16.23945099945773
2024-01-26,102606,2787006.82,1864808.97,321139.6900000033,15.636268996614882
2024-01-27,107150,2686369.66,1837787.41,307860.6899999992,14.459972312956914
2024-01-28,89091,2385102.31,1637068.37,304709.6499999987,13.706276354139776
2024-01-29,82084,2315823.76,1549496.89,283551.5199999981,15.158953835907932
2024-01-30,98493,2619058.28,1737813.81,293577.529999997,15.139063859022132
2024-01-31,99360,2664762.01,1772723.93,297262.1900000014,15.387432232957595
